{
  "temperature_2m": {
    "mean": 21.94878104612567,
    "std": 8.364013525263665
  },
  "relative_humidity_2m": {
    "mean": 60.65695700278509,
    "std": 22.803234971953216
  },
  "precipitation": {
    "mean": 0.07287207660905726,
    "std": 0.5454615540796546
  },
  "wind_speed_10m": {
    "mean": 8.525970012590134,
    "std": 6.220000165652511
  },
  "weather_code": {
    "mean": 4.792167410629125,
    "std": 14.032546346084672
  },
  "surface_pressure": {
    "mean": 953.7138510549007,
    "std": 54.78069780254738
  },
  "cloud_cover": {
    "mean": 32.854698409064895,
    "std": 40.012739105189304
  }
}